image,score
sun_aiztxdurlviyfwxz.jpg,52.5
sun_bplgyeqclqlogugd.jpg,54.4
sun_acdlgczjpwkeuvgy.jpg,49.92
sun_bhicdswlyikaabeq.jpg,52.7
sun_bfqkksxqisfiefwe.jpg,55.7
sun_beprzjdksyhqbxhx.jpg,47.0
sun_bxcaalgmiqxdiuqf.jpg,47.67
sun_aqeikwpwbwvsnetj.jpg,46.1
sun_blojyrvlkifrickr.jpg,80.0
sun_ajrwezxmmjejxsbt.jpg,39.4
sun_agldadusrezhmyva.jpg,53.5
sun_bursogyeljvlegan.jpg,56.17
sun_bgpysxgkeqxnuemb.jpg,51.4
sun_bagmxxfdodupvbxd.jpg,66.4
sun_bpitlhevfvplujnj.jpg,53.2
sun_bukzvwbkvedjexbe.jpg,69.0
sun_bzybqfaecwsubwwo.jpg,35.42
sun_ahlifjixdpvtzxbh.jpg,47.6
sun_bioqyrrgfmkqqtds.jpg,42.5
sun_adspmthiralksljq.jpg,65.08
sun_agkrxexrskvqvcaa.jpg,61.2
sun_bvfurauxmvdtyvgf.jpg,70.0
sun_byapwpssjeemastl.jpg,38.08
sun_bnutyshnyfueffma.jpg,48.9
sun_bbhabvbnyjdrklgv.jpg,44.0
sun_aiwjjxhtgtrwjdsf.jpg,31.1
sun_afyrjzbnuspcoxgk.jpg,56.3
sun_bzblhlcujhvbmtsk.jpg,57.0
sun_byzjgmmogjopssok.jpg,62.75
sun_bwwsahpstphbexsu.jpg,62.33
sun_blfoisnvweqrqima.jpg,65.7
sun_bicunceqwddmddnv.jpg,59.2
sun_acpxjhfbxfstfrtj.jpg,72.17
sun_bhjlnvxiyljwqgtb.jpg,75.9
sun_bacxjdyothvyafjs.jpg,68.7
sun_akvgycniyttaeipg.jpg,44.0
sun_buyxiaambrtnnfmf.jpg,57.75
sun_bhpxikxxkuopazhu.jpg,63.9
sun_aojrnsqotnhfozgr.jpg,54.4
sun_bkqnsqatzzpnuqik.jpg,47.3
sun_bqhobttwnrvzcrce.jpg,34.7
sun_ageesrbsavpweokk.jpg,64.0
sun_admzmthmjgmaimfo.jpg,58.75
sun_adbdknfmtkvlxcxq.jpg,74.5
sun_bauwwrjuuziquijw.jpg,43.5
sun_bmicbywtgzbygxyr.jpg,59.2
sun_azdvpvrznvgpeaao.jpg,31.2
sun_brwkzzrexqoahgfg.jpg,59.2
sun_aqyazfjzmeyzhrel.jpg,57.8
sun_aaphkzwyhkodgwey.jpg,42.17
sun_bmzcfgknkdaagvsb.jpg,49.8
sun_agyxzigdrogkojwm.jpg,30.9
sun_arffihzwrfsleobm.jpg,59.1
sun_aalvhwdpyoipnzzy.jpg,31.58
sun_bvrzfxxxhinynrcp.jpg,58.08
sun_azwfdxsicdvgpbbg.jpg,75.0
sun_bzjdnotizomfsdad.jpg,44.5
sun_axlabldjwdulbbuv.jpg,33.1
sun_beunofunoksbpwlq.jpg,67.6
sun_aqryhfhyierxdzxi.jpg,22.4
sun_abmhxsodaptaogbq.jpg,52.25
sun_aczwgyukesaajxnx.jpg,39.0
sun_aqxypnffmypblepf.jpg,48.0
sun_bbaynapedjyslcxb.jpg,54.0
sun_bvpzqefurpkmarxx.jpg,53.58
sun_akjxzdcdwzfximmk.jpg,33.5
sun_btsqfalwsqicirdz.jpg,46.17
sun_bwidvgzwofvfteaj.jpg,47.25
sun_acydkjhptgkxbybt.jpg,46.25
sun_aljophkbqeqvcdgx.jpg,33.2
sun_absocoelsihaofzb.jpg,59.67
sun_aqkxfqpdzqqjublm.jpg,75.0
sun_bpwzikwwcsmywvvr.jpg,67.8
sun_bovpnolhvmqpdgib.jpg,47.0
sun_begolqlvjxtuybtu.jpg,47.2
sun_aattbuwagkecsqek.jpg,20.17
sun_bcsilmmjzqbejnxh.jpg,35.7
sun_aatrbduljuukjgin.jpg,61.5
sun_azkaltevhhcogwys.jpg,70.2
sun_bmuwhlbutxkwhwfj.jpg,66.2
sun_bonwvapbnhwzmqtb.jpg,71.2
sun_bltwdmjxaxlwyido.jpg,60.3
sun_bcykiecsgkmqxovi.jpg,45.1
sun_aezwbvhlalnojnhr.jpg,27.7
sun_btxbetsunlpwrnhs.jpg,57.67
sun_bpjnivyshuqatjzn.jpg,45.3
sun_bcnnwzitahpeirun.jpg,41.4
sun_aalrsaxeqqthtwnd.jpg,57.33
sun_bbutrnszdickxmaw.jpg,50.4
sun_adqndcjxpptvizjl.jpg,31.33
sun_bropsghvegnvqogb.jpg,35.8
sun_ateoptjjakachbou.jpg,46.0
sun_bwlnmlrzpmrkxwsj.jpg,60.17
sun_bdbjekwkvqzmcsml.jpg,39.6
sun_alkjmjqmptfkwxnj.jpg,37.5
sun_bqtreizbpeoqbpch.jpg,47.7
sun_bacrdoylchxynnwy.jpg,36.8
sun_agdvlwwnditixnrn.jpg,63.6
sun_bdnyrtlqfsgkqova.jpg,54.9
sun_barzathtxpurptlp.jpg,56.3
sun_auuqrbypdtqpnviw.jpg,70.1
sun_bgjytsucreqesmlo.jpg,43.2
sun_bjscmtoxhwcvzbkb.jpg,73.1
sun_aadakyricvbjhamx.jpg,38.83
sun_bbdjhnyxymlxoqfm.jpg,67.3
sun_bvuyrsopkhlvhmty.jpg,34.33
sun_bbjpwjobjhuarxzr.jpg,40.6
sun_biltnjxzqdqjzhsn.jpg,46.8
sun_bxbpelhwpegldjsl.jpg,38.67
sun_arravjnrnptmyogs.jpg,58.9
sun_atvttihupkekrxgr.jpg,43.5
sun_beatpransojiqtei.jpg,64.5
sun_atrdwidjvfvyiehn.jpg,49.9
sun_bpcghwatvqbjulxy.jpg,29.8
sun_bdlfjacvgmzhnijp.jpg,70.8
sun_bjarokmvhzncwcag.jpg,55.1
sun_axtrtuvronnaijwz.jpg,62.6
sun_bjrpxszcjhnqeaiw.jpg,53.2
sun_afjofbpiualrfwlz.jpg,44.5
sun_ayicwupetquqvbuv.jpg,59.3
sun_biykzjtenhddsxdc.jpg,56.3
sun_bcwcfakrunomyxpn.jpg,42.0
sun_apeekzkajfswlykn.jpg,55.0
sun_btkjvzkflmmaqhgn.jpg,47.92
sun_aebyrsomkbjtenvm.jpg,56.0
sun_bumirzuvsptmwbzc.jpg,62.17
sun_bughckodglpirnxy.jpg,55.17
sun_agqborhpkvvwbvfl.jpg,32.9
sun_beyiaxemhyjtpcmo.jpg,65.2
sun_bhffvmcpchbklpdx.jpg,56.1
sun_agyrffqdcxgchrqc.jpg,56.6
sun_bdjofnflnlvogafd.jpg,48.1
sun_bcbdewxgxmdabwqs.jpg,67.3
sun_akgsgfelkaxhkmgo.jpg,57.0
sun_akwvdhqsbtcesevi.jpg,45.0
sun_axrwotfyacoapwxp.jpg,72.5
sun_avdfessvodflyqdn.jpg,28.8
sun_acklfjjyqbayxbll.jpg,39.83
sun_aqhdakwaodlhqhdl.jpg,47.0
sun_bsqflliylybfmwhn.jpg,40.58
sun_agahbbcqrhxaeuwv.jpg,40.7
sun_abjllhhfuvcygwtk.jpg,48.33
sun_arxrvqjklsngango.jpg,58.8
sun_aizcycyyvgfcdnzp.jpg,21.4
sun_aryoaqwczywhgalc.jpg,52.4
sun_bewsiexlgmunlxps.jpg,44.3
sun_accirjnqxfbbwdry.jpg,28.83
sun_aabjtppsnozdurdt.jpg,58.25
sun_baxoguwltnvnmyqc.jpg,37.6
sun_awanhgiwrrxlxomx.jpg,43.5
sun_apdyivawxenhdhww.jpg,54.8
sun_aarrcygkwuzaeiuk.jpg,41.42
sun_bagrgybtgqawoifh.jpg,56.1
sun_blnmtxtvrjaufsrd.jpg,52.1
sun_buafswvgufxcovce.jpg,52.08
sun_byziwbrwhhpxaydu.jpg,54.25
sun_alouvjfpycbghnrv.jpg,38.8
sun_arooxbisltdzotno.jpg,54.5
sun_bvzeaztqswaejwrf.jpg,54.75
sun_bwnvqkvpyqgkmtcm.jpg,49.5
sun_bbcjivpvhpionjqj.jpg,55.2
sun_abeyhmxodahoieyk.jpg,34.92
sun_bivbjkdbxmkncqwv.jpg,16.1
sun_aakrykgxfqjyunvq.jpg,58.0
sun_amanjegobfvstisf.jpg,59.0
sun_beabfigygxshxlfh.jpg,50.5
sun_blsbqavnfjjeugvw.jpg,39.9
sun_aglnpsacqwglzesa.jpg,65.9
sun_abhgxjqmsyeptisq.jpg,80.42
sun_byqgoskwpvsbllvy.jpg,49.92
sun_bcgvicnoizbbuiwk.jpg,35.4
sun_bdlmffiaizqlxoxd.jpg,49.7
sun_bpizyuxgnkkgbhoc.jpg,38.8
sun_ahlfddloqfpagejm.jpg,27.2
sun_buyhsbfaznkxrubj.jpg,67.0
sun_bmcutuofemllyocq.jpg,55.5
sun_abfqgeggtdlpvwsw.jpg,63.25
sun_bebpnsxwaiexxztj.jpg,70.5
sun_appcjzysrguvszsp.jpg,61.4
sun_bfcrnwsmlvpuvrup.jpg,47.8
sun_bxrvchtfalygojan.jpg,31.17
sun_abcwfshruftobgfp.jpg,30.5
sun_aommjwmxdutsenlq.jpg,39.4
sun_aybradebkrmiljuk.jpg,56.4
sun_baztjayuqhvdcxph.jpg,19.6
sun_bhratbdkkxrwhtew.jpg,75.5
sun_bgjctipxhtmkvnmw.jpg,64.2
sun_bjvbeshlnugqsfmx.jpg,53.3
sun_balbaeovkgwnsomi.jpg,34.9
sun_bmhyvtokbpztqmsm.jpg,57.0
sun_aqlpfaorsvofqfuy.jpg,49.8
sun_bwcpryajaazjjgfq.jpg,53.17
sun_bzqqgmgribagkwxg.jpg,43.17
sun_agnrtccxffxbnijx.jpg,29.4
sun_aldlswjamivyakzj.jpg,47.8
sun_bhcgsdwthuyomlrv.jpg,76.9
sun_bzpgankngofzcwci.jpg,61.58
sun_bbjuskmlqfslipfw.jpg,55.1
sun_acoxbobhnhxypste.jpg,29.67
sun_bduxjnkcugmhcpag.jpg,45.2
sun_biiythptvxpbfwkr.jpg,72.6
sun_aahzjzgqsstcdpnq.jpg,57.08
sun_amzglrkivnzzcqvv.jpg,52.6
sun_bdntgozxsjbuxxhy.jpg,68.6
sun_avelkfeereflolze.jpg,69.8
sun_bcqjthtjrluwygzp.jpg,52.7
sun_auhggbbgdgmtvszo.jpg,37.3
sun_bwqutrxvixryrlwg.jpg,56.33
sun_bccaowdaexrvafyv.jpg,41.1
sun_agvyejqmcrhrvpbo.jpg,51.6
sun_bumqfbcpqksfbges.jpg,60.42
sun_adpzebscgacjxyen.jpg,50.67
sun_bnzfyfdvhsngnixw.jpg,35.9
sun_bbkhtcuungbqabdl.jpg,64.2
sun_bhapnuxerxejofbw.jpg,57.7
sun_asqsfiqlmgyuimud.jpg,65.3
sun_bsoslkyvaokenrgf.jpg,56.83
sun_bdpknkavyulbibnl.jpg,58.1
sun_bqkwmxoqnqvjsblj.jpg,38.7
sun_bcitpvpnzgwcftug.jpg,39.3
sun_aucikzzfjeeqyewt.jpg,59.9
sun_aufspxbtqorylcna.jpg,44.8
sun_aesgvyjjesleubcl.jpg,42.08
sun_bpxgjtnjjuccyxjc.jpg,66.8
sun_baycehpwvemhbrlc.jpg,44.5
sun_bfiicuwaeclhhusy.jpg,48.0
sun_anuzjozqcvokbpbn.jpg,30.5
sun_blvbtnjdqwnhpkce.jpg,59.6
sun_bfrshcqxwctwtokz.jpg,58.4
sun_bjdftnlhsazvmjuy.jpg,57.4
sun_bowpnckdplphcsyb.jpg,56.7
sun_ascscizerrcsswcd.jpg,61.7
sun_avlnvwvxcqsxukep.jpg,66.8
sun_amzkvfakckwocslk.jpg,35.1
sun_aggtgalfwqduodph.jpg,52.9
sun_bjjqiwfyymursref.jpg,43.8
sun_abpiybxizgawpmky.jpg,65.83
sun_bfmhmrfewqpojtbj.jpg,42.9
sun_arvafmnvwcswwnwh.jpg,71.1
sun_amttmxsdbjiocycj.jpg,54.4
sun_axbfuzwwzgccieam.jpg,54.0
sun_bixlijfsbzavgyof.jpg,38.7
sun_buqvakgmwhpaevfv.jpg,76.75
sun_amwiwefdmxdztyam.jpg,59.3
sun_ayalfiumstdpfnni.jpg,75.1
sun_buubpayscjcxyypt.jpg,57.08
sun_boxqwdzhtrxrgthw.jpg,60.6
sun_bhqgdzyflgmvvpmt.jpg,64.1
sun_bfyjotseuhewmrdx.jpg,37.1
sun_anbdspwawzgrwnla.jpg,57.1
sun_bcfhudayuzvvkytj.jpg,41.5
sun_aobmifrqaweybqpa.jpg,62.8
sun_bhribroenyyculkx.jpg,25.0
sun_bpstejdilgvvzwsl.jpg,49.4
sun_basxvntdnejtfrax.jpg,62.0
sun_bfgthdpzwpuxxcpe.jpg,43.7
sun_bbnmkzdnscvcaaaq.jpg,62.0
sun_bmoouvnnsnxypsla.jpg,28.0
sun_bgmejiphkmqaxpog.jpg,77.6
sun_agswoygnhiabzikj.jpg,35.1
sun_aaxteygyigqyqzum.jpg,69.58
sun_aavgrdvhbtrmxhpy.jpg,67.08
sun_aelpnoofufvvqqhf.jpg,45.42
sun_bvlmxigpntvpryxl.jpg,69.0
sun_belhxumgqndhcjnb.jpg,46.3
sun_bcbqdmqfztkhxkad.jpg,46.7
sun_byokccltytynzvbk.jpg,56.25
sun_alcrgfmnthjmdeew.jpg,47.8
sun_araxtjxjbgzkdpbg.jpg,67.3
sun_bouyyrtkaekbntgm.jpg,57.6
sun_aufbguyyrccwwxuf.jpg,51.3
sun_akchetnepxlcxhsu.jpg,33.9
sun_bgcqkwzhwbtbdbbv.jpg,38.2
sun_btgprjecbvcbbmir.jpg,67.92
sun_bfwkibabqdlmrgrj.jpg,49.1
sun_asiojdegqcvrpizr.jpg,46.5
sun_amxfosiviwaocwcg.jpg,42.8
sun_bxmalwrgyakiaqvb.jpg,52.58
sun_blxswaxpoupgwihl.jpg,61.1
sun_avflgvmhqjaljulz.jpg,61.7
sun_aflsnycseiotupac.jpg,32.4
sun_aukmeobryrcehyvo.jpg,58.9
sun_adfoijwzcmcxweiq.jpg,48.0
sun_bitmrnvphhuvrwns.jpg,41.9
sun_aaajuldidvlcyzhv.jpg,52.25
sun_borylzqazfbcrrrd.jpg,73.5
sun_bhgmkeqkoxjscsxb.jpg,37.9
sun_blymhomkdhqyxkmj.jpg,52.9
sun_bqmragbbtgktewba.jpg,61.4
sun_adbqeafhnziimllv.jpg,50.08
sun_bhtzlfresphagrgm.jpg,44.7
sun_aauyjffemrxqcirn.jpg,38.0
sun_bpihlrghblffkshc.jpg,33.7
sun_bgchhqpsdjqwmrcb.jpg,58.6
sun_aryemauxglpckieh.jpg,52.6
sun_bjmrycupxchbnthf.jpg,69.0
sun_asykklbjstjuyewv.jpg,36.1
sun_baifmibakbdayypj.jpg,55.9
sun_blfhfhepbcnfaecb.jpg,53.1
sun_bdhcuvandflhpprv.jpg,51.3
sun_adgdwcyvmegvkhww.jpg,48.92
sun_abhagkrdtsffboqc.jpg,50.83
sun_bfzthossqiitlzic.jpg,60.4
sun_brcspjayfcolnxbc.jpg,46.1
sun_bsqarutvxoslvqws.jpg,54.75
sun_bhudxlpdkywdgwba.jpg,30.5
sun_amrvdczvsebcuiru.jpg,63.9
sun_aawlazprqrjhwtpa.jpg,50.5
sun_bcyqhmsuncrhyodx.jpg,54.5
sun_blekfgbyzypowciv.jpg,75.0
sun_bmgnekzyzssxclzw.jpg,53.5
sun_aapyhvdueagtxhar.jpg,53.5
sun_advkvazcsyvkumig.jpg,59.58
sun_bnmphahemonjytql.jpg,57.5
sun_bltxnjuempwrfypr.jpg,58.2
sun_antoqmxbzqzqoojy.jpg,61.7
sun_arinhqnywjqrtrhf.jpg,71.4
sun_bqpxjdxxzsiisofx.jpg,47.2
sun_binlopsjigoggxlk.jpg,52.1
sun_bevxnqpoqiwuotap.jpg,83.8
sun_azuyiwoejycfgxif.jpg,78.9
sun_bdnnikxazmeqlgmc.jpg,55.5
sun_blcfplilhaeruswa.jpg,39.8
sun_bjlckptwozlsxfvr.jpg,62.2
sun_absqagjbuzuvhboj.jpg,48.5
sun_bgpskymwmztwqbgl.jpg,35.9
sun_bgrxvaeeqwblfrqq.jpg,68.0
sun_bzlzamvegzzipimi.jpg,68.58
sun_bfnfzkqmwrjezqtw.jpg,39.7
sun_amagqndvvlvclvaa.jpg,81.9
sun_bazxhypptopnojkw.jpg,47.5
sun_autidzdyhpcmuyrb.jpg,69.1
sun_afrjiwlvfcpraawg.jpg,49.7
sun_augjvuygusrwlxqz.jpg,52.8
sun_bzrqwhrbbwxzxdev.jpg,61.17
sun_ajjktnfzwntvwsfh.jpg,24.4
sun_axylkzzvrakkczkl.jpg,79.9
sun_bcgnheoxjckdlcbs.jpg,72.6
sun_adtlxwqzwmxiqykx.jpg,68.42
sun_bdawfouuwvsojarv.jpg,55.8
sun_acdgufoamnnvlkuy.jpg,58.67
sun_acrjbaqsglaoxven.jpg,49.17
sun_acgxyyrqtufcunpm.jpg,47.5
sun_bltpodkxbcoxzsbw.jpg,59.7
sun_acgxzrlwjgdzipip.jpg,65.92
sun_bihzigebljxkdqaz.jpg,38.5
sun_biqmabkmyhrrasmc.jpg,35.6
sun_anaaafpyeqdsnimg.jpg,60.7
sun_aatmuzoutxkrdikv.jpg,44.33
sun_bsrfchwomlurreln.jpg,67.33
sun_beupyporvxbqvrqu.jpg,47.0
sun_bukyazojoherrujg.jpg,68.08
sun_bljymfxujgbxjuvx.jpg,17.6
sun_batttoktqetanmfx.jpg,37.4
sun_aeeumyhcmdtyfovv.jpg,48.42
sun_abwwevvzrincpcjk.jpg,35.25
sun_bbfvixdygbpxvyko.jpg,49.8
sun_brsdkexwimqtmrcz.jpg,51.6
sun_aevezokbkeojznwq.jpg,37.5
sun_byhsoftcbgoyimrg.jpg,38.42
sun_bjoripfafgpwaito.jpg,73.5
sun_bikalvduyffzfiwp.jpg,73.2
sun_aaotjvucbfgmtzjj.jpg,58.5
sun_bbhhlnxpqurnjnds.jpg,70.6
sun_aurdrpfzpequbptg.jpg,56.8
sun_beslvgvcytmlwzdb.jpg,53.9
sun_baeonpcwemmakdap.jpg,50.3
sun_bmtvnwwelrekwszo.jpg,50.5
sun_abwkecxdrvamjxlk.jpg,37.5
sun_brlsjyqmrtnvwdjs.jpg,52.3
sun_afdefsrtlbtfdhxq.jpg,45.0
sun_baynnkdwzeupzzuv.jpg,38.9
sun_blmnxyehvcnlcixy.jpg,28.4
sun_aoujnixvugpagelu.jpg,37.3
sun_bfvmjlomfvojcjbf.jpg,45.6
sun_affxuywoiiynvatr.jpg,41.3
sun_brmgtdhdcqcmjtzw.jpg,69.0
sun_aoqkmjxwlivgbkhq.jpg,49.6
sun_bkaeugvancwoiknl.jpg,67.4
sun_bjvbpfvvemawqdti.jpg,70.5
sun_bfovljowxowcronr.jpg,44.1
sun_bhmsoyfvgpwtdhgk.jpg,62.9
sun_banlwnpqndclffxt.jpg,37.0
sun_bhqefrhdiawniwgg.jpg,76.5
sun_bfchgzgcdwtsnaxk.jpg,56.6
sun_aaovkqlsvacznbgr.jpg,38.0
sun_bgemqswtqpaumisk.jpg,62.7
sun_bjphbnylbgsuprob.jpg,62.2
sun_afrwiykoncfkfqtf.jpg,36.4
sun_bjdsuuanziclbdcg.jpg,47.5
sun_biizajddslqxlmqw.jpg,47.5
sun_bmmrzsqdlahcrzbq.jpg,59.6
sun_aqbhoghqvecjvohh.jpg,33.4
sun_auosbzpqsutlkuyn.jpg,47.0
sun_bfrwtvtaqrroyjao.jpg,75.2
sun_bvhngzsvssqdjqpz.jpg,42.92
sun_acfgivghaydjibik.jpg,25.67
sun_aiaymzoqhwcskhet.jpg,54.1
sun_aosvqijvmwznjrsh.jpg,26.9
sun_arcfpjlzezoavbui.jpg,53.2
sun_bxlbhoirpbrfqrhu.jpg,60.92
sun_bnuuaaopwmcclqco.jpg,61.4
sun_bepjhziukqmxktip.jpg,74.5
sun_apivfqbmmscioozr.jpg,45.7
sun_bilonbbxhmwsssef.jpg,67.5
sun_ahywdevtimnqcsln.jpg,42.0
sun_biiobaofvszgqpkm.jpg,53.4
sun_bemfeutndcfrgthg.jpg,53.2
sun_bcwzdiyoozzrwjcn.jpg,52.6
sun_bkyryspcupjqmqqx.jpg,18.0
sun_aajsfnjsaqdunpdp.jpg,48.75
sun_ayiaoydvdtjqnmyf.jpg,49.9
sun_alrznsjlzdkyoioa.jpg,32.3
sun_bfirzspexnmwjlyb.jpg,41.3
sun_aonxmamtchxbkgfu.jpg,45.7
sun_aoraqrqbcqkhzbok.jpg,60.0
sun_bnhdzzzqipffswva.jpg,44.4
sun_awznnowvdgitriji.jpg,71.5
sun_aubznxmxiewlwdbi.jpg,55.4
sun_ajxqlzmoovksgjbl.jpg,50.3
sun_auyrvbsgjzcbllwy.jpg,63.0
sun_bapxsulexojpepyd.jpg,30.2
sun_aitugazcpdxlcexr.jpg,58.2
sun_bbmerxsqpjlodkuz.jpg,58.0
sun_bamwngxburzzpymm.jpg,44.9
sun_arysrbyajtisgfcx.jpg,18.7
sun_abxrfrucnptodioj.jpg,39.67
sun_bhpxggkfepallypm.jpg,33.7
sun_acvfpwuanalbvjax.jpg,62.0
sun_awrpplbfwpcnfprs.jpg,59.7
sun_bbeepcwmuijibnuh.jpg,71.1
sun_agxjkxyxedwlzvkg.jpg,52.7
sun_amhaqxrmuqtylgcx.jpg,38.6
sun_bljyguxxfiakvvcz.jpg,30.1
sun_bkmigzgyorjhhllp.jpg,48.7
sun_bcgskwhauninzvhk.jpg,66.3
sun_bkbbiytpekwrkgsw.jpg,53.0
sun_avjvdzcutddwweuj.jpg,45.2
sun_azregxypmjjevjem.jpg,34.0
sun_brhpjebzpqhxlgbd.jpg,52.2
sun_bxrkinugbvzohlmu.jpg,44.17
sun_bvrjcpxylxoyalpu.jpg,36.83
sun_bflturjnhzlhrmth.jpg,44.5
sun_arthzeaduktgynev.jpg,48.6
sun_aaexpnawiehinlpy.jpg,30.17
sun_bgfsyqptwutkghni.jpg,64.3
sun_azaoqtpxyqxsaelb.jpg,67.9
sun_baumnwsreoypvzxf.jpg,73.7
sun_bnspnryirvhahebz.jpg,41.4
sun_adzadpbmztekfiwh.jpg,61.92
sun_bcqbutakfpoibwek.jpg,44.8
sun_aokgqlnxzonxwzlk.jpg,40.7
sun_adbmrbyhsdystkhh.jpg,43.58
sun_adysrrgnddvmloix.jpg,45.5
sun_anzbjguxdgpobefx.jpg,45.6
sun_bbuizyudrdtwknpa.jpg,67.4
sun_arncvdmklnuziroz.jpg,36.0
sun_bottkgfvxdezqdge.jpg,52.5
sun_bzbwppkmmulpqnkr.jpg,58.0
sun_bcammxxgnpynvfig.jpg,49.7
sun_aatxlublfjchvvzu.jpg,45.42
sun_aaofphpvkeqlhwgu.jpg,27.67
sun_adojlmejvaqzgrcu.jpg,70.5
sun_bnokhadzxslvdqrc.jpg,36.5
sun_akndyxefbqzbqsqy.jpg,35.3
sun_ajbphdqxyiykpfzz.jpg,65.2
sun_bktofjuzxidajaet.jpg,61.5
sun_abgovsbwwyozjdzp.jpg,30.25
sun_bukeyaepgtqixfxc.jpg,41.75
sun_bmhxlxfyhoejizbf.jpg,45.9
sun_bbqgnovfdferpqba.jpg,48.1
sun_awjucfvtjllxrtkv.jpg,46.4
sun_bajbxsbzlpsplebf.jpg,61.8
sun_bstgayeytugamcqh.jpg,55.25
sun_astltvyqbctixvfw.jpg,64.7
sun_bibgcrzzlstdnbea.jpg,68.9
sun_aijkdpqohzcmjsco.jpg,42.8
sun_bzbsfohnoxeimmzi.jpg,39.83
sun_bgolblaywgetaidf.jpg,61.4
sun_btjevcvrxjpeyoxz.jpg,49.17
sun_bzlmupmmiqdoxiio.jpg,56.08
sun_aieghmacpppxajox.jpg,34.7
sun_addggdwpymsbbyak.jpg,59.5
sun_bujzmvmaktrcwuqg.jpg,23.58
sun_bafursrpkimodzup.jpg,55.4
sun_acpuwvhrdqhykpsh.jpg,54.08
sun_abauvuqxzsxdgtsx.jpg,35.42
sun_bcdohnkcrdwttzxb.jpg,57.7
sun_bdoxtpzaufrdffsa.jpg,36.5
sun_bicgcuyqnpbpkipn.jpg,44.3
sun_bphjgeqxklsuuhiu.jpg,45.9
sun_bwgoyohsqmxbyjxg.jpg,52.17
sun_banwlxzczuuxgcze.jpg,66.3
sun_afwoegcwhuwpubly.jpg,24.0
sun_btmpgmqlzvnsfueg.jpg,54.0
sun_aoxnfiyuzeouurxi.jpg,75.4
sun_adwhvoekbdqbcfoo.jpg,46.42
sun_agaebenfhqmciryu.jpg,28.6
sun_bmxpjbpotjqqjjte.jpg,46.2
sun_ahzyzreaawbkanmp.jpg,44.3
sun_ashtisuzjlikuvhe.jpg,32.7
sun_abrlnvzmqklirrnl.jpg,48.17
sun_bqayinfibktniqmo.jpg,59.8
sun_bdnhffttgbnjqrxj.jpg,36.3
sun_adtwbpowivasnfgz.jpg,34.58
sun_bgrtuuupzgpvjnbl.jpg,66.8
sun_baigtkrwgvvbtjxj.jpg,50.6
sun_apsyfsflirzrdlaj.jpg,47.6
sun_ahphmnxxnwuclnfb.jpg,30.3
sun_bkkauiedynghatdc.jpg,79.4
sun_bxquctnaduoyrbgc.jpg,33.0
sun_ajzouurcdlugixmf.jpg,50.4
sun_bshdfjtqeawwctyu.jpg,48.9
sun_beywxwpgsancacqo.jpg,66.3
sun_brrjzlcdrrwsspqs.jpg,60.4
sun_bxvwtcnzkkasthwu.jpg,32.67
sun_atibjtzuhjtfxauq.jpg,56.6
sun_ahdndszsihunmxpp.jpg,33.5
sun_akxcpkquuuxdiqwv.jpg,40.7
sun_bkwiazejssjfvesw.jpg,52.5
sun_asyugaozqgpyoilt.jpg,62.2
sun_akuognalfgmelepa.jpg,65.1
sun_bcdqgpzumsmvknfn.jpg,43.0
sun_brvopxqzbbmiggcc.jpg,64.2
sun_bsjsjanotbmolvgq.jpg,60.3
sun_bvwsfuegdpqxcreg.jpg,41.08
sun_bddrwdlacrymymur.jpg,49.3
sun_bpecobmqqpzhejbj.jpg,62.6
sun_awujbiersxtndtca.jpg,76.3
sun_auyvxoybsqfsxbyq.jpg,83.3
sun_aehkkaenyyjnewst.jpg,23.25
sun_bvzizycgbeghlfci.jpg,54.08
sun_bkzzhyuyqjksqovd.jpg,32.8
sun_boxgnulphxuwuhts.jpg,40.8
sun_bsieafhuqrnbhiyh.jpg,71.4
sun_bmwohircuibatcju.jpg,64.3
sun_bpzavdyipbuhavud.jpg,27.5
sun_ajvylnkvejnlprts.jpg,63.8
sun_bcupyvvgagpfoiek.jpg,49.4
sun_bfqguhaicrghwgdh.jpg,66.8
sun_broadkwknschzvvz.jpg,79.1
sun_bzctygzpuoohrvai.jpg,52.08
sun_bpzsljbjxqqfgtuv.jpg,54.8
sun_bsmawofdhkgpgmeu.jpg,50.58
sun_bdjedywekxzslifa.jpg,59.3
sun_aolklzlhpveocgfv.jpg,45.9
sun_ahifhbkwjyroemyr.jpg,68.6
sun_blxikcfmlqneeoti.jpg,44.7
sun_bcanxwxacwqfxkbf.jpg,49.6
sun_bgwmiqwlreupuwqs.jpg,69.5
sun_bkndlzaanugxpvaq.jpg,40.7
sun_belkzcvlquyyzxlu.jpg,54.6
sun_bdnwochpwbdqtgbk.jpg,79.6
sun_bnivvogrgljoztzg.jpg,36.7
sun_ainnuzoalvhqvxfn.jpg,22.1
sun_bxgfcxpmogzjmsau.jpg,67.58
sun_afvltdcefngzbust.jpg,52.5
sun_arafgkcopmbpfaep.jpg,40.1
sun_anaxbhxbrgeskkom.jpg,51.1
sun_arqsljseyautnkfv.jpg,60.0
sun_bxxtkmyydusifqkv.jpg,72.25
sun_baexsqstopvlczqa.jpg,49.4
sun_bwycyjtngmsxqhdq.jpg,52.92
sun_bhmgtdtvtipmcvrg.jpg,73.4
sun_agbvcebowhqfaqoz.jpg,31.6
sun_aqwolgzmtnbgpaxo.jpg,63.1
sun_aszofvjvisonzolt.jpg,42.5
sun_bqgfmjgjfxofyzwl.jpg,52.4
sun_anjgzxqwccbiozsw.jpg,59.7
sun_actnsdjpqgtzjwcw.jpg,58.92
sun_bwwxicczpmsfrrkc.jpg,52.33
sun_alshfwudkoqnqype.jpg,29.4
sun_arahdppusymomreh.jpg,54.5
sun_bkxomboxzphxtmfg.jpg,45.7
sun_bbgzuwnafsiyobtr.jpg,54.2
sun_bgshlqnjiisfgwzk.jpg,35.5
sun_azyaahqmkktxzzer.jpg,70.1
sun_bpsnkrcqsvmhsuqo.jpg,33.9
sun_admopryvcnujmcez.jpg,50.67
sun_agvzntnnphsuqbmn.jpg,33.3
sun_ajoobuvknzvshwzw.jpg,34.5
sun_bfamenrbbamqczro.jpg,54.4
sun_bgusozmwcjqeelmr.jpg,71.8
sun_bjrxopjiakyihdqo.jpg,32.6
sun_aamdtqvmzkmjgivi.jpg,64.75
sun_bmyozoiuweyqnygq.jpg,53.4
sun_agbzwurdlaqqexep.jpg,63.2
sun_brxnzlgwkmrqvqym.jpg,57.6
sun_aokcojhjotquljnw.jpg,66.6
sun_byuhjpweygtwpwbj.jpg,40.75
sun_aciofoesudrskhdm.jpg,58.0
sun_bgrqtwqvlhdxwwea.jpg,58.3
sun_aarzwginlqrfnzvf.jpg,64.92
sun_bwrxuzjzmvewrchl.jpg,57.75
sun_blyqrgqcdbyyyhkh.jpg,53.6
sun_bagsogdyzikrwoja.jpg,49.1
sun_afgbnvgqbsxpomau.jpg,42.8
sun_bbrxjlbkfmnjtxiz.jpg,60.2
sun_bjxtkjavbhuarzsl.jpg,55.4
sun_agthkmaroyhaonur.jpg,53.8
sun_bpvafxvnkfvcgcgn.jpg,49.0
sun_bfouonyltkukjxbm.jpg,45.3
sun_adqmgymlumduelnn.jpg,46.83
sun_bswrcddsdaymohah.jpg,58.67
sun_bclxuaebxbiounqw.jpg,50.9
sun_agvctqwhcbxfrglt.jpg,52.8
sun_aqqabpdqjxygueuw.jpg,61.0
sun_bfpaqdemyawwwahn.jpg,46.3
sun_bcanfjwggupeamtz.jpg,33.8
sun_agjevbttbucaxtcp.jpg,56.8
sun_agszvozijlyqqeyn.jpg,19.7
sun_ahhnjksmytmbzmmp.jpg,56.4
sun_ayuaydjcuqxqnrlq.jpg,60.4
sun_aekkynucosyodgdj.jpg,77.17
sun_axakxdilafzcooox.jpg,61.7
sun_aspjegmgbnxlmkzb.jpg,59.9
sun_afuxtcmpnmheomyt.jpg,25.2
sun_befrbcslctncdtls.jpg,48.6
sun_bgotxhymxahzhjub.jpg,48.6
sun_aohqvhrlwvbexvnk.jpg,43.8
sun_abhavxyiuqqdxvgd.jpg,64.67
sun_atnfqcmathixmjow.jpg,52.9
sun_axmmgcsxwtsmadxu.jpg,52.9
sun_agjhddbulpifowlv.jpg,48.6
sun_btffykywgxewtvir.jpg,48.08
sun_aygkoljubkyhhycy.jpg,49.1
sun_ayuquurjulxlnkjc.jpg,53.6
sun_aywuiguudlcklxiu.jpg,42.3
sun_amrzjugrfoydgxhd.jpg,40.6
sun_bsbmxedcrvxjljoh.jpg,34.8
sun_acsrcrvmkcsrvtcq.jpg,33.5
sun_aqzpnmfqtgrpoczc.jpg,64.4
sun_bhxlcbznombmfbat.jpg,45.5
sun_bnjgpcrfxqawdfjf.jpg,45.5
sun_bohuyqxtsxywcajl.jpg,57.1
sun_bkrnneadgjiacrsp.jpg,36.0
sun_bgfqhfnbogqqgqte.jpg,56.7
sun_bdjyjupowtqakfmu.jpg,60.1
sun_ajnrakzwcfnluodd.jpg,28.9
sun_aaktvzxuzcrholrn.jpg,39.67
sun_bbrvgokgbvlfakyv.jpg,63.1
sun_ajokwebqmiuzucqo.jpg,34.1
sun_bgshkoltnrmilxns.jpg,55.8
sun_bphkwnlauepividj.jpg,53.8
sun_bbifggebenswicin.jpg,45.6
sun_bikuicptxwraioci.jpg,34.7
sun_bszxwyguqiztashe.jpg,55.5
sun_abysfcvgcetptqxa.jpg,47.17
sun_ainxgwmberxsrkej.jpg,55.6
sun_behvlonmknqlnxrc.jpg,57.9
sun_bndbkdzixliunlbz.jpg,62.0
sun_bdfzbvthkewjkagc.jpg,58.1
sun_bmeclylamagtutkc.jpg,32.2
sun_bjiqtmffnnoulefg.jpg,68.0
sun_azhdevaibilykmgu.jpg,84.7
sun_bgbulbzhfqurfrcs.jpg,42.7
sun_bxpftazinzuaahhk.jpg,52.58
sun_bmfabvqgfwtmjneq.jpg,30.5
sun_bvbqpnzbgnhenfmy.jpg,75.33
sun_axcbspaxpiuudsrj.jpg,67.3
sun_bgfurnmznsjcdbae.jpg,55.0
sun_bupeehmamgegewpl.jpg,54.58
sun_bzoysmqxfkzkrxzq.jpg,70.58
sun_aamidmlrrdfdnbgl.jpg,67.75
sun_bxcsvzfynwtynbwt.jpg,66.17
sun_aleymscxsisnveqp.jpg,29.5
sun_abpqxslcljhrwmck.jpg,37.75
sun_bagnqmholhdjvckm.jpg,52.0
sun_bxvuvsbvefpfhoor.jpg,54.33
sun_aydvvhqombqloffb.jpg,57.3
sun_agwogizmdwmzeeta.jpg,33.9
sun_acfvvjmfvmeiplkx.jpg,55.83
sun_bzbjprpgglgregsp.jpg,32.92
sun_bzludvbnpfogksta.jpg,38.17
sun_azltjhgpbomjunfc.jpg,44.4
sun_bffqsvafmjibtkro.jpg,76.8
sun_btwbhwvpmznjsvus.jpg,62.42
sun_blegzvkseullxigg.jpg,41.4
sun_ajbpuqtgjfnvkjvn.jpg,24.9
sun_adiiwobvrdhntvfx.jpg,66.92
sun_bzcbytiglfpamxno.jpg,57.67
sun_ahspylgoovwmwvgk.jpg,35.6
sun_aqftpyuksqtdtceh.jpg,54.2
sun_aaovtbniyzpboymw.jpg,57.92
sun_bzfptpieotexksdl.jpg,36.92
sun_bzolfrhocvsablts.jpg,33.33
sun_aqtwemskfyhpopqf.jpg,58.5
sun_ahhomtyduaznebgb.jpg,62.1
sun_bxhaseuplhxmglda.jpg,44.5
sun_bmkqtwsupjiixbkl.jpg,73.7
sun_bxeiylbtpjkvjdja.jpg,56.67
sun_bmlqeyqafhorypsr.jpg,48.6
sun_bppwnyxlgptkrpwo.jpg,31.4
sun_barxnwyebwxvhlaz.jpg,52.9
sun_bqjzgmttjagpamzt.jpg,62.6
sun_btympspwijfqaqko.jpg,56.75
sun_bhkqfzorgmtudjqn.jpg,42.0
sun_bkcfbmtcumwrvxlb.jpg,38.4
sun_awhlypaaugihvrjk.jpg,44.3
sun_bhkilidhnuzrfdoc.jpg,31.4
sun_asxolzqcqtihmbju.jpg,77.1
sun_bmtbldypepqtfcha.jpg,72.5
sun_bfyiordjfwofpafr.jpg,44.7
sun_ahpwonrlyygmzvtx.jpg,22.2
sun_aixfvvnrylnrlhzf.jpg,37.6
sun_bcaukzkjryumtcch.jpg,63.8
sun_bpxgmqnwboogllyq.jpg,55.8
sun_bzwwygxzfnzcejmu.jpg,42.58
sun_bscznrajtpgmedue.jpg,21.7
sun_ajvklpmjherjgxrt.jpg,49.7
sun_asvogfgqcihmbuhy.jpg,68.8
sun_aihpgihxxnmwqdcd.jpg,35.0
sun_bdkglcanoliyzurx.jpg,41.9
sun_bhhmdgoibwgubpgy.jpg,54.1
sun_bfrcsrcxquhgcnux.jpg,56.9
sun_alwwbuvtkfjiybvl.jpg,55.0
sun_aglwwpjrtjdgrbsy.jpg,56.7
sun_auabjyowhptjcuzi.jpg,46.8
sun_brstqndatwxkukya.jpg,27.7
sun_ajdethecbcfhexju.jpg,55.5
sun_avuqfmqnnacpugwc.jpg,41.7
sun_bnanfhclyxnsjzgc.jpg,59.1
sun_bcitvhafynsmchww.jpg,56.1
sun_akqesljoypfqyjdc.jpg,55.7
sun_aesovualhburmfhn.jpg,74.5
sun_bbtmkzyovrnquflk.jpg,56.4
sun_amuxhqcdvdyjslqr.jpg,69.6
sun_bnpoflidwifjpkwt.jpg,46.1
sun_bnhqckgknuryydtg.jpg,60.1
sun_bkjbcqikzkwiuhjz.jpg,35.7
sun_aqovleaxrjqeddyp.jpg,55.8
sun_artdjhucuwcdlzal.jpg,66.1
sun_admfflktpyhrmrgo.jpg,54.92
sun_acnxqvumxuhphsox.jpg,38.83
sun_awrxnfdfzyznnbtd.jpg,35.8
sun_bugpcnvxmhqxnzfc.jpg,82.83
sun_arijfafjbpwwwucr.jpg,41.5
sun_alspyxejzukmyyvf.jpg,37.8
sun_aubehthmwgfqgrxl.jpg,37.0
sun_bbduqosbteypfkil.jpg,42.6
sun_bjirabrawmznrrls.jpg,69.9
sun_bkdzxzongvkxaulf.jpg,69.4
sun_byvdfrqywtsiavuf.jpg,43.58
sun_bciwhkffbduessdt.jpg,47.4
sun_asvcfruitoxygxrv.jpg,34.7
sun_brltdrpgsjpmgxwt.jpg,72.5
sun_amtnhoeymsbotabs.jpg,42.9
sun_bqwyqxdaewccspxe.jpg,45.7
sun_alaoxkdoftpxwxef.jpg,55.9
sun_blfhgrehecmwbptm.jpg,30.6
sun_bluyqwtrsfarwukn.jpg,51.2
sun_bsrsosywofxosirx.jpg,64.42
sun_agysnixnkhpsvtmr.jpg,30.4
sun_aofyuejouqtbyooo.jpg,70.2
sun_awpnvdbxpoaugrga.jpg,54.6
sun_bexmlggwjjvdhcjs.jpg,67.4
sun_aaenwecffknbumjq.jpg,62.67
sun_bodxeitzhnyqleqr.jpg,29.4
sun_bglqunwuycxydmyu.jpg,42.8
sun_bhuxcsblqdutopye.jpg,58.7
sun_bfhvvwgvxxjrctil.jpg,47.3
sun_bgssxvcsdrinsvka.jpg,47.0
sun_btxdfkuoehgmlglt.jpg,46.92
sun_bjesrezktozovics.jpg,60.9
sun_bfnppamlyniiwcia.jpg,46.0
sun_beyqkdhbapysbwbv.jpg,46.7
sun_bonuhbnylxnbdkoc.jpg,47.7
sun_abcexmhrrazffdxe.jpg,49.92
sun_btoivoyxjojqutdv.jpg,58.42
sun_blrfgncuqysvtcbg.jpg,36.2
sun_aogurmvyvbrumjot.jpg,24.3
sun_acvspbpkzomoaigv.jpg,58.83
sun_bapmctishqwpgofk.jpg,43.4
sun_aghpssksjtcabhqr.jpg,33.7
sun_anttehhugofruyuj.jpg,48.4
sun_ainzlfozoxxasyfe.jpg,22.6
sun_arpxtcyqwridpafp.jpg,48.6
sun_aulusxykphxgwdtw.jpg,50.5
sun_bncmdqzpobwbscgh.jpg,47.2
sun_apdohjhuiiwwbtsr.jpg,43.9
sun_aaslbwtcdcwjukuo.jpg,47.0
sun_alnurdgpqodhpawt.jpg,41.1
sun_bdmgmqsmmqkthilp.jpg,42.3
sun_auogkabgngfqqkaw.jpg,46.1
sun_aiplotqctietyzng.jpg,55.5
sun_avwkltzuwiujlpvj.jpg,46.8
sun_bqfevzqzayamjbml.jpg,50.2
sun_bvcdcqtuostypbbu.jpg,51.5
sun_bsdjslgvpavusora.jpg,36.1
sun_bgqgarhskkwpvhpi.jpg,52.6
sun_bdfwelxqhaufzyqb.jpg,65.3
sun_bfxcfeevxaeqmncf.jpg,53.9
sun_bmladklyprzymgoo.jpg,54.5
sun_burokageiugamrul.jpg,52.5
sun_adhfdpqdtxovgeaw.jpg,29.5
sun_bqfkrpcpakhwiilp.jpg,65.5
sun_bwkvdeqiygcrqwxi.jpg,62.0
sun_boxfizxdmlaotdgc.jpg,44.9
sun_bkzcruvdqfrkgnuz.jpg,51.8
sun_agblpzrkbqcipkyz.jpg,68.4
